{"cameraMode":{"drawMode":0,"name":"Shaded","section":"Shading Mode"},"sceneLighting":true,"audioPlay":false,"sceneViewState":{"showFog":true,"showMaterialUpdate":false,"showSkybox":true,"showFlares":true,"showImageEffects":true,"showParticleSystems":true,"showVisualEffectGraphs":true,"m_FxEnabled":true},"in2DMode":false,"pivot":{"x":0.03799887374043465,"y":0.05278656631708145,"z":-8.997790336608887},"rotation":{"x":0.02999121882021427,"y":-0.015860047191381456,"z":0.0005831199232488871,"w":0.9995087385177612},"size":0.5774601697921753,"orthographic":false}